sample,Type,(Al26/Al27)_0,2se (Al26/Al27)_0,(Mn53/Mn55)_0,2se (Mn53/Mn55)_0,(Hf182/Hf180)_0,2se (Hf182/Hf180)_0,tPbPb (original),2se (tPbPb original),tPbPb (adjusted),2se (tPbPb adjusted)
D’Orbigny,volcanic angrite,3.93,0.39,3.23,0.03,7.15,0.17,4564.42,0.12,4563.24,0.21
SAH 99555,volcanic angrite,3.64,0.18,3.28,0.17,6.87,0.15,4564.614,0.131,4563.51,0.24
NWA 1670,quenched angrite,5.92,0.59,2.85,0.92,,,4565.39,0.24,4564.02,0.66
NWA 1296,quenched angrite,,,,,7.01,0.28,4564.2,0.45,4563.02,0.45
LEW 86010,plutonic angrite,,,1.35,0.05,4.8,0.42,4558.55,0.15,,
NWA 4590,plutonic angrite,,,0.85,0.4,4.63,0.17,4557.76,0.38,4557.57,0.38
NWA 4801,plutonic angrite,,,0.96,0.04,4.52,0.16,4556.91,0.21,4556.63,0.28
Angra do Reis,plutonic angrite,,,1.1,0.4,4.02,0.24,4556.45,0.29,4556.26,0.29
NWA 2999,plutonic angrite,,,,,5.43,0.34,4560.74,0.47,4560.55,0.47
Asuka 881394,Non-HED eucrite,13.07,0.56,3.86,0.23,,,4564.95,0.53,4564.76,0.53
Ibitira,Non-HED eucrite,,,1.06,0.5,,,4556.75,0.57,4556.56,0.57
NWA 7325,nc ungrouped achondrite,3.03,0.14,,,,,4563.9,1.7,4563.7,1.7
NWA 2976,cc ungrouped achondrite,4.05,0.15,,,,,4563.16,0.57,4563.16,0.57
NWA 6704,cc ungrouped achondrite,3.15,0.38,2.59,0.34,,,4562.76,0.26,4562.76,0.26
